"Filter","Meaning","Frames"
"arp","ARP frames (all)","88"
"arp.opcode==1","ARP requests","67"
"arp.opcode==2","ARP replies","21"
"arp.src.proto_ipv4==0.0.0.0","ARP probes (RFC 5227 address conflict detection)","4"
"arp.isgratuitous==1","Gratuitous ARP","0"
"arp.duplicate-address-detected","Wireshark duplicate-address alerts","0"
"dhcp","DHCP","0"
"dns && !mdns","Unicast DNS","150"
"mdns","mDNS","13"
"llmnr","LLMNR","0"
"nbns","NetBIOS name service","11"
"ssdp","SSDP (UPnP discovery)","244"
"igmp","IGMP","12"
"lldp || cdp","LLDP/CDP","5"
"icmp","ICMPv4","0"
"icmpv6","ICMPv6 (incl. neighbor discovery)","0"
"tcp","TCP","24203"
"udp","UDP","12014"
"tcp.analysis.retransmission","TCP retransmissions","467"
"tcp.analysis.duplicate_ack","TCP duplicate ACKs","1434"
"tcp.flags.reset==1","TCP resets","13"
"tcp.analysis.zero_window","TCP zero window","0"
"eth.dst==ff:ff:ff:ff:ff:ff","Ethernet broadcast frames","28"
"eth.dst[0]&1 && !(eth.dst==ff:ff:ff:ff:ff:ff)","Ethernet multicast frames","289"
